source_project,source_family,strategy_code,strategy_name,version,ledger_path,ledger_sha256,rows,first_entry_date,last_exit_date,execution_basis
2trading,,,S25_macd_rsi_sma200,"v1 | stop=7.5%, RR=2 | capacity=15 | selection=mktcap | rotation=pnl",results/expanded_actual_trade_records_2026-09-13.csv,05255be78b48fb58ef7622d7edcac4dbfabdc88b8f511b80f7d7d073469e355a,4795,2007-06-20,2024-12-23,LEGACY_NOT_CORE_V6
2trading,,,S26_rsi14_sma200_dip,"v1 | stop=7.5%, RR=2 | capacity=15 | selection=alphabetical | rotation=none",results/expanded_actual_trade_records_2026-09-13.csv,05255be78b48fb58ef7622d7edcac4dbfabdc88b8f511b80f7d7d073469e355a,1192,2007-06-20,2024-12-20,LEGACY_NOT_CORE_V6
2trading,,S05,RANSAC/ATR Channel Below Mean Reversion,v1 | A_equal20_fifo,results/expanded_actual_trade_records_2026-09-13.csv,05255be78b48fb58ef7622d7edcac4dbfabdc88b8f511b80f7d7d073469e355a,3365,2017-08-24,2026-08-25,LEGACY_NOT_CORE_V6
2trading,,S06,RANSAC/ATR Channel Above Continuation,v1 | B_equal20_strength,results/expanded_actual_trade_records_2026-09-13.csv,05255be78b48fb58ef7622d7edcac4dbfabdc88b8f511b80f7d7d073469e355a,3346,2017-08-24,2026-08-25,LEGACY_NOT_CORE_V6
2trading,,S07,Bollinger Below Mean Reversion,v1 | B_equal20_strength,results/expanded_actual_trade_records_2026-09-13.csv,05255be78b48fb58ef7622d7edcac4dbfabdc88b8f511b80f7d7d073469e355a,14407,2016-09-26,2026-08-25,LEGACY_NOT_CORE_V6
2trading,,S08,Bollinger Above Continuation,v1 | C_uncapped_2pct,results/expanded_actual_trade_records_2026-09-13.csv,05255be78b48fb58ef7622d7edcac4dbfabdc88b8f511b80f7d7d073469e355a,9241,2016-09-26,2026-08-25,LEGACY_NOT_CORE_V6
2trading,,S09,Below Mean Reversion + ATR Fixed Stop,v2 | C_uncapped_2pct,results/expanded_actual_trade_records_2026-09-13.csv,05255be78b48fb58ef7622d7edcac4dbfabdc88b8f511b80f7d7d073469e355a,19306,2017-08-24,2026-08-25,LEGACY_NOT_CORE_V6
2trading,,S10,Above Continuation + ATR Target,v2 | B_equal20_strength,results/expanded_actual_trade_records_2026-09-13.csv,05255be78b48fb58ef7622d7edcac4dbfabdc88b8f511b80f7d7d073469e355a,4769,2017-08-24,2026-08-25,LEGACY_NOT_CORE_V6
2trading,,S11,Channel AND Bollinger,S11 v1 above | C_uncapped_2pct,results/expanded_actual_trade_records_2026-09-13.csv,05255be78b48fb58ef7622d7edcac4dbfabdc88b8f511b80f7d7d073469e355a,7222,2017-08-24,2026-08-25,LEGACY_NOT_CORE_V6
2trading,,S11,Channel AND Bollinger,S11 v1 below | C_uncapped_2pct,results/expanded_actual_trade_records_2026-09-13.csv,05255be78b48fb58ef7622d7edcac4dbfabdc88b8f511b80f7d7d073469e355a,6019,2017-08-24,2026-08-25,LEGACY_NOT_CORE_V6
2trading,,S11,Channel AND Bollinger,S11 v2 above | A_equal20_fifo,results/expanded_actual_trade_records_2026-09-13.csv,05255be78b48fb58ef7622d7edcac4dbfabdc88b8f511b80f7d7d073469e355a,4548,2017-08-24,2026-08-27,LEGACY_NOT_CORE_V6
2trading,,S11,Channel AND Bollinger,S11 v2 below | A_equal20_fifo,results/expanded_actual_trade_records_2026-09-13.csv,05255be78b48fb58ef7622d7edcac4dbfabdc88b8f511b80f7d7d073469e355a,5538,2017-08-24,2026-08-27,LEGACY_NOT_CORE_V6
2trading,,S12,RMSE×2 + leading indicators,S12 cloud_position+horizontal_sr | A_equal20_fifo,results/expanded_actual_trade_records_2026-09-13.csv,05255be78b48fb58ef7622d7edcac4dbfabdc88b8f511b80f7d7d073469e355a,243,2023-01-04,2026-08-27,LEGACY_NOT_CORE_V6
2trading,,S12,RMSE×2 + leading indicators,S12 horizontal_sr+earnings_distance | A_equal20_fifo,results/expanded_actual_trade_records_2026-09-13.csv,05255be78b48fb58ef7622d7edcac4dbfabdc88b8f511b80f7d7d073469e355a,299,2023-01-05,2026-08-27,LEGACY_NOT_CORE_V6
2trading,,S12,RMSE×2 + leading indicators,S12 seasonality+earnings_distance | A_equal20_fifo,results/expanded_actual_trade_records_2026-09-13.csv,05255be78b48fb58ef7622d7edcac4dbfabdc88b8f511b80f7d7d073469e355a,266,2023-06-02,2026-08-19,LEGACY_NOT_CORE_V6
2trading,,S12,RMSE×2 + leading indicators,S12 tenkan_cross+earnings_distance | A_equal20_fifo,results/expanded_actual_trade_records_2026-09-13.csv,05255be78b48fb58ef7622d7edcac4dbfabdc88b8f511b80f7d7d073469e355a,300,2023-01-04,2026-08-27,LEGACY_NOT_CORE_V6
2trading,,S13P,RMSE Touch / Pullback / Double Pattern,S13P above_double_top | A_equal20_fifo,results/expanded_actual_trade_records_2026-09-13.csv,05255be78b48fb58ef7622d7edcac4dbfabdc88b8f511b80f7d7d073469e355a,109,2023-01-09,2026-08-27,LEGACY_NOT_CORE_V6
2trading,,S13P,RMSE Touch / Pullback / Double Pattern,S13P above_existing | B_equal20_strength,results/expanded_actual_trade_records_2026-09-13.csv,05255be78b48fb58ef7622d7edcac4dbfabdc88b8f511b80f7d7d073469e355a,1783,2023-01-04,2026-08-27,LEGACY_NOT_CORE_V6
2trading,,S13P,RMSE Touch / Pullback / Double Pattern,S13P below_double_bottom | A_equal20_fifo,results/expanded_actual_trade_records_2026-09-13.csv,05255be78b48fb58ef7622d7edcac4dbfabdc88b8f511b80f7d7d073469e355a,249,2023-02-22,2026-08-27,LEGACY_NOT_CORE_V6
2trading,,S13P,RMSE Touch / Pullback / Double Pattern,S13P below_pullback | A_equal20_fifo,results/expanded_actual_trade_records_2026-09-13.csv,05255be78b48fb58ef7622d7edcac4dbfabdc88b8f511b80f7d7d073469e355a,1059,2023-01-04,2026-08-27,LEGACY_NOT_CORE_V6
2trading,,S13P,RMSE Touch / Pullback / Double Pattern,S13P below_pullback_double_bottom | A_equal20_fifo,results/expanded_actual_trade_records_2026-09-13.csv,05255be78b48fb58ef7622d7edcac4dbfabdc88b8f511b80f7d7d073469e355a,73,2023-02-22,2026-08-27,LEGACY_NOT_CORE_V6
2trading,,S13P,RMSE Touch / Pullback / Double Pattern,S13P below_touch | B_equal20_strength,results/expanded_actual_trade_records_2026-09-13.csv,05255be78b48fb58ef7622d7edcac4dbfabdc88b8f511b80f7d7d073469e355a,1129,2023-01-04,2026-08-27,LEGACY_NOT_CORE_V6
2trading,,S19C,Top5 × Channel AND/OR,S19C channel_above_and_A1 | A_equal20_fifo,results/expanded_actual_trade_records_2026-09-13.csv,05255be78b48fb58ef7622d7edcac4dbfabdc88b8f511b80f7d7d073469e355a,1197,2023-01-05,2026-08-27,LEGACY_NOT_CORE_V6
2trading,,S19C,Top5 × Channel AND/OR,S19C channel_above_and_S13 | A_equal20_fifo,results/expanded_actual_trade_records_2026-09-13.csv,05255be78b48fb58ef7622d7edcac4dbfabdc88b8f511b80f7d7d073469e355a,484,2023-01-04,2026-08-27,LEGACY_NOT_CORE_V6
2trading,,S19C,Top5 × Channel AND/OR,S19C channel_above_and_S3 | A_equal20_fifo,results/expanded_actual_trade_records_2026-09-13.csv,05255be78b48fb58ef7622d7edcac4dbfabdc88b8f511b80f7d7d073469e355a,1197,2023-01-05,2026-08-27,LEGACY_NOT_CORE_V6
2trading,,S19C,Top5 × Channel AND/OR,S19C channel_above_and_S8 | A_equal20_fifo,results/expanded_actual_trade_records_2026-09-13.csv,05255be78b48fb58ef7622d7edcac4dbfabdc88b8f511b80f7d7d073469e355a,1577,2023-01-05,2026-08-27,LEGACY_NOT_CORE_V6
2trading,,S19C,Top5 × Channel AND/OR,S19C channel_above_and_top4_any | B_equal20_strength,results/expanded_actual_trade_records_2026-09-13.csv,05255be78b48fb58ef7622d7edcac4dbfabdc88b8f511b80f7d7d073469e355a,1624,2023-01-04,2026-08-27,LEGACY_NOT_CORE_V6
2trading,,S19C,Top5 × Channel AND/OR,S19C channel_below_and_S17 | A_equal20_fifo,results/expanded_actual_trade_records_2026-09-13.csv,05255be78b48fb58ef7622d7edcac4dbfabdc88b8f511b80f7d7d073469e355a,83,2023-05-12,2026-08-11,LEGACY_NOT_CORE_V6
2trading,,S25C,S8 continuous exit walk-forward,S25C v1 prior-year-selected exit,results/expanded_actual_trade_records_2026-09-13.csv,05255be78b48fb58ef7622d7edcac4dbfabdc88b8f511b80f7d7d073469e355a,716,2016-01-04,2026-08-10,LEGACY_NOT_CORE_V6
2trading,Best5 accepted portfolio,RMSE2,RMSE×2 하단 평균회귀,Best5 max-CAGR v2 | fifo | cap5 | gross,results/expanded_actual_trade_records_2026-09-13.csv,05255be78b48fb58ef7622d7edcac4dbfabdc88b8f511b80f7d7d073469e355a,1639,2010-01-04,2026-08-10,LEGACY_NOT_CORE_V6
2trading,Best5 accepted portfolio,S13,S13 NR7 돌파,Best5 max-CAGR v2 | natural_strength | cap10 | gross,results/expanded_actual_trade_records_2026-09-13.csv,05255be78b48fb58ef7622d7edcac4dbfabdc88b8f511b80f7d7d073469e355a,1607,2010-01-05,2026-08-10,LEGACY_NOT_CORE_V6
2trading,Best5 accepted portfolio,S3,S3 Darvas Box 돌파,Best5 max-CAGR v2 | natural_strength | cap10 | gross,results/expanded_actual_trade_records_2026-09-13.csv,05255be78b48fb58ef7622d7edcac4dbfabdc88b8f511b80f7d7d073469e355a,810,2010-01-05,2026-08-10,LEGACY_NOT_CORE_V6
2trading,Best5 accepted portfolio,S8,S8 Larry Williams 변동성 돌파,Best5 max-CAGR v2 | natural_strength | cap10 | gross,results/expanded_actual_trade_records_2026-09-13.csv,05255be78b48fb58ef7622d7edcac4dbfabdc88b8f511b80f7d7d073469e355a,1262,2010-01-05,2026-08-10,LEGACY_NOT_CORE_V6
2trading,Best5 accepted portfolio,TKFIB,전환선·기준선 + 피보나치 (TKFIB),Best5 max-CAGR v2 | fifo | cap5 | gross,results/expanded_actual_trade_records_2026-09-13.csv,05255be78b48fb58ef7622d7edcac4dbfabdc88b8f511b80f7d7d073469e355a,1296,2010-01-25,2026-08-10,LEGACY_NOT_CORE_V6
2trading,Trendline independent trades,TRENDBREAK_REVERSE,Trendlines with Breaks 역추세,v1 realtime | next-open | ATR14×2 fixed stop | gross,results/expanded_actual_trade_records_2026-09-13.csv,05255be78b48fb58ef7622d7edcac4dbfabdc88b8f511b80f7d7d073469e355a,29,2021-08-25,2026-04-13,LEGACY_NOT_CORE_V6
2trading,Trendline independent trades,TRENDBREAK_TREND,Trendlines with Breaks 정추세,v1 realtime | next-open | ATR14×2 fixed stop | gross,results/expanded_actual_trade_records_2026-09-13.csv,05255be78b48fb58ef7622d7edcac4dbfabdc88b8f511b80f7d7d073469e355a,25,2021-08-26,2026-07-28,LEGACY_NOT_CORE_V6
imported_trading_project,,,A1_volatility_breakout,v1 honest point-in-time | historical winning capacity/rotation,results/expanded_actual_trade_records_2026-09-13.csv,05255be78b48fb58ef7622d7edcac4dbfabdc88b8f511b80f7d7d073469e355a,1811,2010-01-05,2026-08-06,LEGACY_NOT_CORE_V6
imported_trading_project,,,A2_timeseries_momentum,canonical v1 | fixed snapshot screen=2024-12-30 | RR=3.0 | ATR stop defaults | shared-capital portfolio,results/expanded_actual_trade_records_2026-09-13.csv,05255be78b48fb58ef7622d7edcac4dbfabdc88b8f511b80f7d7d073469e355a,1587,2010-01-07,2024-12-20,LEGACY_NOT_CORE_V6
imported_trading_project,,,A3_cross_sectional_momentum,canonical v1 | fixed snapshot screen=2024-12-30 | RR=3.0 | ATR stop defaults | shared-capital portfolio,results/expanded_actual_trade_records_2026-09-13.csv,05255be78b48fb58ef7622d7edcac4dbfabdc88b8f511b80f7d7d073469e355a,374,2009-06-30,2024-12-27,LEGACY_NOT_CORE_V6
imported_trading_project,,,C1_mean_reversion,canonical v1 | fixed snapshot screen=2024-12-30 | RR=3.0 | ATR stop defaults | shared-capital portfolio,results/expanded_actual_trade_records_2026-09-13.csv,05255be78b48fb58ef7622d7edcac4dbfabdc88b8f511b80f7d7d073469e355a,842,2010-01-21,2024-12-19,LEGACY_NOT_CORE_V6
imported_trading_project,,,C2_support_resistance,canonical v1 | fixed snapshot screen=2024-12-30 | RR=3.0 | ATR stop defaults | shared-capital portfolio,results/expanded_actual_trade_records_2026-09-13.csv,05255be78b48fb58ef7622d7edcac4dbfabdc88b8f511b80f7d7d073469e355a,711,2010-01-21,2024-12-19,LEGACY_NOT_CORE_V6
imported_trading_project,,,C3_low_volatility,canonical v1 | fixed snapshot screen=2024-12-30 | RR=3.0 | ATR stop defaults | shared-capital portfolio,results/expanded_actual_trade_records_2026-09-13.csv,05255be78b48fb58ef7622d7edcac4dbfabdc88b8f511b80f7d7d073469e355a,450,2009-06-16,2024-12-12,LEGACY_NOT_CORE_V6
imported_trading_project,,,S10_turtle_soup_reversal,canonical v1 | fixed snapshot screen=2024-12-30 | RR=3.0 | ATR stop defaults | shared-capital portfolio,results/expanded_actual_trade_records_2026-09-13.csv,05255be78b48fb58ef7622d7edcac4dbfabdc88b8f511b80f7d7d073469e355a,2069,2010-01-14,2024-12-27,LEGACY_NOT_CORE_V6
imported_trading_project,,,S11_golden_cross,canonical v1 | fixed snapshot screen=2024-12-30 | RR=3.0 | ATR stop defaults | shared-capital portfolio,results/expanded_actual_trade_records_2026-09-13.csv,05255be78b48fb58ef7622d7edcac4dbfabdc88b8f511b80f7d7d073469e355a,354,2010-01-15,2024-11-27,LEGACY_NOT_CORE_V6
imported_trading_project,,,S12_episodic_pivot,canonical v1 | fixed snapshot screen=2024-12-30 | RR=3.0 | ATR stop defaults | shared-capital portfolio,results/expanded_actual_trade_records_2026-09-13.csv,05255be78b48fb58ef7622d7edcac4dbfabdc88b8f511b80f7d7d073469e355a,83,2010-04-30,2024-12-05,LEGACY_NOT_CORE_V6
imported_trading_project,,,S13_nr7_breakout,v1 honest point-in-time | historical winning capacity/rotation,results/expanded_actual_trade_records_2026-09-13.csv,05255be78b48fb58ef7622d7edcac4dbfabdc88b8f511b80f7d7d073469e355a,2395,2010-01-05,2026-07-30,LEGACY_NOT_CORE_V6
imported_trading_project,,,S14_adx_trend_breakout,v1 honest point-in-time | historical winning capacity/rotation,results/expanded_actual_trade_records_2026-09-13.csv,05255be78b48fb58ef7622d7edcac4dbfabdc88b8f511b80f7d7d073469e355a,1537,2010-01-05,2026-08-04,LEGACY_NOT_CORE_V6
imported_trading_project,,,S15_week52_low_reversal,canonical v1 | fixed snapshot screen=2024-12-30 | RR=3.0 | ATR stop defaults | shared-capital portfolio,results/expanded_actual_trade_records_2026-09-13.csv,05255be78b48fb58ef7622d7edcac4dbfabdc88b8f511b80f7d7d073469e355a,325,2010-05-27,2024-12-18,LEGACY_NOT_CORE_V6
imported_trading_project,,,S16_turn_of_month,canonical v1 | fixed snapshot screen=2024-12-30 | RR=3.0 | ATR stop defaults | shared-capital portfolio,results/expanded_actual_trade_records_2026-09-13.csv,05255be78b48fb58ef7622d7edcac4dbfabdc88b8f511b80f7d7d073469e355a,2535,2010-01-28,2024-12-23,LEGACY_NOT_CORE_V6
imported_trading_project,,,S17_fibonacci_retracement_bounce,v1 honest point-in-time | historical winning capacity/rotation,results/expanded_actual_trade_records_2026-09-13.csv,05255be78b48fb58ef7622d7edcac4dbfabdc88b8f511b80f7d7d073469e355a,2300,2010-01-05,2026-08-07,LEGACY_NOT_CORE_V6
imported_trading_project,,,S18_pre_holiday_effect,canonical v1 | fixed snapshot screen=2024-12-30 | RR=3.0 | ATR stop defaults | shared-capital portfolio,results/expanded_actual_trade_records_2026-09-13.csv,05255be78b48fb58ef7622d7edcac4dbfabdc88b8f511b80f7d7d073469e355a,2329,2010-01-15,2024-12-20,LEGACY_NOT_CORE_V6
imported_trading_project,,,S19_double_bottom_breakout,canonical v1 | fixed snapshot screen=2024-12-30 | RR=3.0 | ATR stop defaults | shared-capital portfolio,results/expanded_actual_trade_records_2026-09-13.csv,05255be78b48fb58ef7622d7edcac4dbfabdc88b8f511b80f7d7d073469e355a,354,2010-01-04,2024-12-20,LEGACY_NOT_CORE_V6
imported_trading_project,,,S1_gap_and_go,canonical v1 | fixed snapshot screen=2024-12-30 | RR=3.0 | ATR stop defaults | shared-capital portfolio,results/expanded_actual_trade_records_2026-09-13.csv,05255be78b48fb58ef7622d7edcac4dbfabdc88b8f511b80f7d7d073469e355a,205,2010-01-07,2024-12-20,LEGACY_NOT_CORE_V6
imported_trading_project,,,S20_inverse_head_and_shoulders,canonical v1 | fixed snapshot screen=2024-12-30 | RR=3.0 | ATR stop defaults | shared-capital portfolio,results/expanded_actual_trade_records_2026-09-13.csv,05255be78b48fb58ef7622d7edcac4dbfabdc88b8f511b80f7d7d073469e355a,95,2010-03-01,2024-12-16,LEGACY_NOT_CORE_V6
imported_trading_project,,,S21_rsi2_sma200_connors_exit,v1 capacity final | capacity=15 | rotation=수익률(최악 %수익률 방출) | sizing=실제 정수주식(종목가격 반영),results/expanded_actual_trade_records_2026-09-13.csv,05255be78b48fb58ef7622d7edcac4dbfabdc88b8f511b80f7d7d073469e355a,10456,2007-06-20,2024-12-30,LEGACY_NOT_CORE_V6
imported_trading_project,,,S22_rsi_adx_ibs,v1 capacity final | capacity=15 | rotation=시가총액(큰 종목 방출) | sizing=이상적 소수주식(기존),results/expanded_actual_trade_records_2026-09-13.csv,05255be78b48fb58ef7622d7edcac4dbfabdc88b8f511b80f7d7d073469e355a,5032,2007-01-03,2024-12-30,LEGACY_NOT_CORE_V6
imported_trading_project,,,S23_momentum_12_1,v1 capacity final | capacity=15 | rotation=시간(최오래보유 방출) | sizing=실제 정수주식(종목가격 반영),results/expanded_actual_trade_records_2026-09-13.csv,05255be78b48fb58ef7622d7edcac4dbfabdc88b8f511b80f7d7d073469e355a,2329,2007-09-04,2024-12-30,LEGACY_NOT_CORE_V6
imported_trading_project,,,S24_week52_high_proximity,v1 capacity final | capacity=15 | rotation=시가총액(큰 종목 방출) | sizing=이상적 소수주식(기존),results/expanded_actual_trade_records_2026-09-13.csv,05255be78b48fb58ef7622d7edcac4dbfabdc88b8f511b80f7d7d073469e355a,2500,2007-09-04,2024-12-30,LEGACY_NOT_CORE_V6
imported_trading_project,,,S2_vcp_breakout,canonical v1 | fixed snapshot screen=2024-12-30 | RR=3.0 | ATR stop defaults | shared-capital portfolio,results/expanded_actual_trade_records_2026-09-13.csv,05255be78b48fb58ef7622d7edcac4dbfabdc88b8f511b80f7d7d073469e355a,710,2010-01-06,2024-12-13,LEGACY_NOT_CORE_V6
imported_trading_project,,,S3_darvas_box,v1 honest point-in-time | historical winning capacity/rotation,results/expanded_actual_trade_records_2026-09-13.csv,05255be78b48fb58ef7622d7edcac4dbfabdc88b8f511b80f7d7d073469e355a,1546,2010-01-05,2026-08-04,LEGACY_NOT_CORE_V6
imported_trading_project,,,S4_rsi2_reversion,canonical v1 | fixed snapshot screen=2024-12-30 | RR=3.0 | ATR stop defaults | shared-capital portfolio,results/expanded_actual_trade_records_2026-09-13.csv,05255be78b48fb58ef7622d7edcac4dbfabdc88b8f511b80f7d7d073469e355a,1103,2010-01-04,2024-12-27,LEGACY_NOT_CORE_V6
imported_trading_project,,,S5_high_tight_flag,canonical v1 | fixed snapshot screen=2024-12-30 | RR=3.0 | ATR stop defaults | shared-capital portfolio,results/expanded_actual_trade_records_2026-09-13.csv,05255be78b48fb58ef7622d7edcac4dbfabdc88b8f511b80f7d7d073469e355a,355,2010-01-12,2024-12-30,LEGACY_NOT_CORE_V6
imported_trading_project,,,S6_new_high_momentum,canonical v1 | fixed snapshot screen=2024-12-30 | RR=3.0 | ATR stop defaults | shared-capital portfolio,results/expanded_actual_trade_records_2026-09-13.csv,05255be78b48fb58ef7622d7edcac4dbfabdc88b8f511b80f7d7d073469e355a,629,2010-01-08,2024-12-19,LEGACY_NOT_CORE_V6
imported_trading_project,,,S7_ttm_squeeze,canonical v1 | fixed snapshot screen=2024-12-30 | RR=3.0 | ATR stop defaults | shared-capital portfolio,results/expanded_actual_trade_records_2026-09-13.csv,05255be78b48fb58ef7622d7edcac4dbfabdc88b8f511b80f7d7d073469e355a,760,2010-01-07,2024-12-30,LEGACY_NOT_CORE_V6
imported_trading_project,,,S8_lw_volatility_breakout,v1 honest point-in-time | historical winning capacity/rotation,results/expanded_actual_trade_records_2026-09-13.csv,05255be78b48fb58ef7622d7edcac4dbfabdc88b8f511b80f7d7d073469e355a,2926,2010-01-05,2026-08-06,LEGACY_NOT_CORE_V6
imported_trading_project,,,S9_ema_pullback_continuation,canonical v1 | fixed snapshot screen=2024-12-30 | RR=3.0 | ATR stop defaults | shared-capital portfolio,results/expanded_actual_trade_records_2026-09-13.csv,05255be78b48fb58ef7622d7edcac4dbfabdc88b8f511b80f7d7d073469e355a,247,2010-01-26,2024-12-19,LEGACY_NOT_CORE_V6
2trading,new_residual_trend_momentum,PCA_MR,PCA Residual Mean Reversion,PCA120_K3,incoming_experiments/new_residual_trend_momentum_v1_2026-09-13/actual_trade_records.csv,6d789186e2a57a2fa0d8f5466d56cfb8d024f87d8c3327a5e9d89ba605ec59e9,751,2016-01-05,2026-08-26,LEGACY_NOT_CORE_V6
2trading,new_residual_trend_momentum,PCA_MR,PCA Residual Mean Reversion,PCA60_K3,incoming_experiments/new_residual_trend_momentum_v1_2026-09-13/actual_trade_records.csv,6d789186e2a57a2fa0d8f5466d56cfb8d024f87d8c3327a5e9d89ba605ec59e9,823,2016-01-05,2026-08-25,LEGACY_NOT_CORE_V6
2trading,new_residual_trend_momentum,PCA_MR,PCA Residual Mean Reversion,PCA60_K5,incoming_experiments/new_residual_trend_momentum_v1_2026-09-13/actual_trade_records.csv,6d789186e2a57a2fa0d8f5466d56cfb8d024f87d8c3327a5e9d89ba605ec59e9,837,2016-01-05,2026-08-26,LEGACY_NOT_CORE_V6
2trading,new_residual_trend_momentum,PCA_RMSE2,PCA Residual RMSE2,PCA120_K3,incoming_experiments/new_residual_trend_momentum_v1_2026-09-13/actual_trade_records.csv,6d789186e2a57a2fa0d8f5466d56cfb8d024f87d8c3327a5e9d89ba605ec59e9,1427,2016-01-05,2026-08-26,LEGACY_NOT_CORE_V6
2trading,new_residual_trend_momentum,PCA_RMSE2,PCA Residual RMSE2,PCA60_K3,incoming_experiments/new_residual_trend_momentum_v1_2026-09-13/actual_trade_records.csv,6d789186e2a57a2fa0d8f5466d56cfb8d024f87d8c3327a5e9d89ba605ec59e9,1749,2016-01-05,2026-08-26,LEGACY_NOT_CORE_V6
2trading,new_residual_trend_momentum,PCA_RMSE2,PCA Residual RMSE2,PCA60_K5,incoming_experiments/new_residual_trend_momentum_v1_2026-09-13/actual_trade_records.csv,6d789186e2a57a2fa0d8f5466d56cfb8d024f87d8c3327a5e9d89ba605ec59e9,1747,2016-01-05,2026-08-25,LEGACY_NOT_CORE_V6
2trading,new_residual_trend_momentum,RES_MOM,Residual Momentum,RESMOM126,incoming_experiments/new_residual_trend_momentum_v1_2026-09-13/actual_trade_records.csv,6d789186e2a57a2fa0d8f5466d56cfb8d024f87d8c3327a5e9d89ba605ec59e9,1260,2016-02-01,2026-08-03,LEGACY_NOT_CORE_V6
2trading,new_residual_trend_momentum,RES_MOM,Residual Momentum,RESMOM21,incoming_experiments/new_residual_trend_momentum_v1_2026-09-13/actual_trade_records.csv,6d789186e2a57a2fa0d8f5466d56cfb8d024f87d8c3327a5e9d89ba605ec59e9,1260,2016-02-01,2026-08-03,LEGACY_NOT_CORE_V6
2trading,new_residual_trend_momentum,RES_MOM,Residual Momentum,RESMOM63,incoming_experiments/new_residual_trend_momentum_v1_2026-09-13/actual_trade_records.csv,6d789186e2a57a2fa0d8f5466d56cfb8d024f87d8c3327a5e9d89ba605ec59e9,1260,2016-02-01,2026-08-03,LEGACY_NOT_CORE_V6
2trading,new_residual_trend_momentum,SN_MOM,12-1 Sector-neutral Momentum,12-1,incoming_experiments/new_residual_trend_momentum_v1_2026-09-13/actual_trade_records.csv,6d789186e2a57a2fa0d8f5466d56cfb8d024f87d8c3327a5e9d89ba605ec59e9,1259,2016-02-01,2026-09-01,LEGACY_NOT_CORE_V6
2trading,new_residual_trend_momentum,SN_MOM,12-1 Sector-neutral Momentum,12-2,incoming_experiments/new_residual_trend_momentum_v1_2026-09-13/actual_trade_records.csv,6d789186e2a57a2fa0d8f5466d56cfb8d024f87d8c3327a5e9d89ba605ec59e9,1258,2016-02-01,2026-08-03,LEGACY_NOT_CORE_V6
2trading,new_residual_trend_momentum,SN_MOM,12-1 Sector-neutral Momentum,9-1,incoming_experiments/new_residual_trend_momentum_v1_2026-09-13/actual_trade_records.csv,6d789186e2a57a2fa0d8f5466d56cfb8d024f87d8c3327a5e9d89ba605ec59e9,1259,2016-02-01,2026-08-03,LEGACY_NOT_CORE_V6
2trading,new_residual_trend_momentum,SR_MR,Sector-factor Residual Mean Reversion,OLS120,incoming_experiments/new_residual_trend_momentum_v1_2026-09-13/actual_trade_records.csv,6d789186e2a57a2fa0d8f5466d56cfb8d024f87d8c3327a5e9d89ba605ec59e9,760,2016-01-05,2026-08-26,LEGACY_NOT_CORE_V6
2trading,new_residual_trend_momentum,SR_MR,Sector-factor Residual Mean Reversion,OLS60,incoming_experiments/new_residual_trend_momentum_v1_2026-09-13/actual_trade_records.csv,6d789186e2a57a2fa0d8f5466d56cfb8d024f87d8c3327a5e9d89ba605ec59e9,910,2016-01-05,2026-08-26,LEGACY_NOT_CORE_V6
2trading,new_residual_trend_momentum,SR_REV,Sector Residual Reversal Ranking,20D,incoming_experiments/new_residual_trend_momentum_v1_2026-09-13/actual_trade_records.csv,6d789186e2a57a2fa0d8f5466d56cfb8d024f87d8c3327a5e9d89ba605ec59e9,5350,2016-01-05,2026-08-26,LEGACY_NOT_CORE_V6
2trading,new_residual_trend_momentum,SR_REV,Sector Residual Reversal Ranking,5D,incoming_experiments/new_residual_trend_momentum_v1_2026-09-13/actual_trade_records.csv,6d789186e2a57a2fa0d8f5466d56cfb8d024f87d8c3327a5e9d89ba605ec59e9,5350,2016-01-05,2026-08-26,LEGACY_NOT_CORE_V6
2trading,new_residual_trend_momentum,SR_REV,Sector Residual Reversal Ranking,Blend5D20D,incoming_experiments/new_residual_trend_momentum_v1_2026-09-13/actual_trade_records.csv,6d789186e2a57a2fa0d8f5466d56cfb8d024f87d8c3327a5e9d89ba605ec59e9,5350,2016-01-05,2026-08-26,LEGACY_NOT_CORE_V6
2trading,new_residual_trend_momentum,SR_RMSE2,Sector Residual RMSE2,OLS120,incoming_experiments/new_residual_trend_momentum_v1_2026-09-13/actual_trade_records.csv,6d789186e2a57a2fa0d8f5466d56cfb8d024f87d8c3327a5e9d89ba605ec59e9,1592,2016-01-05,2026-08-25,LEGACY_NOT_CORE_V6
2trading,new_residual_trend_momentum,SR_RMSE2,Sector Residual RMSE2,OLS60,incoming_experiments/new_residual_trend_momentum_v1_2026-09-13/actual_trade_records.csv,6d789186e2a57a2fa0d8f5466d56cfb8d024f87d8c3327a5e9d89ba605ec59e9,2315,2016-01-05,2026-08-26,LEGACY_NOT_CORE_V6
2trading,new_residual_trend_momentum,TREND_RET,Multiple-low Trend Retouch,Trend_Long_Raw,incoming_experiments/new_residual_trend_momentum_v1_2026-09-13/actual_trade_records.csv,6d789186e2a57a2fa0d8f5466d56cfb8d024f87d8c3327a5e9d89ba605ec59e9,1322,2016-01-05,2026-08-25,LEGACY_NOT_CORE_V6
2trading,new_residual_trend_momentum,TREND_RET,Multiple-low Trend Retouch,Trend_Long_Robust,incoming_experiments/new_residual_trend_momentum_v1_2026-09-13/actual_trade_records.csv,6d789186e2a57a2fa0d8f5466d56cfb8d024f87d8c3327a5e9d89ba605ec59e9,1383,2016-01-05,2026-08-25,LEGACY_NOT_CORE_V6
2trading,new_residual_trend_momentum,TREND_RET,Multiple-low Trend Retouch,Trend_Monthly_Raw,incoming_experiments/new_residual_trend_momentum_v1_2026-09-13/actual_trade_records.csv,6d789186e2a57a2fa0d8f5466d56cfb8d024f87d8c3327a5e9d89ba605ec59e9,1719,2016-01-05,2026-08-24,LEGACY_NOT_CORE_V6
2trading,new_residual_trend_momentum,TREND_RET,Multiple-low Trend Retouch,Trend_Monthly_Robust,incoming_experiments/new_residual_trend_momentum_v1_2026-09-13/actual_trade_records.csv,6d789186e2a57a2fa0d8f5466d56cfb8d024f87d8c3327a5e9d89ba605ec59e9,1765,2016-01-05,2026-08-25,LEGACY_NOT_CORE_V6
2trading,new_residual_trend_momentum,TREND_RET,Multiple-low Trend Retouch,Trend_Weekly_Raw,incoming_experiments/new_residual_trend_momentum_v1_2026-09-13/actual_trade_records.csv,6d789186e2a57a2fa0d8f5466d56cfb8d024f87d8c3327a5e9d89ba605ec59e9,2072,2016-01-05,2026-08-26,LEGACY_NOT_CORE_V6
2trading,new_residual_trend_momentum,TREND_RET,Multiple-low Trend Retouch,Trend_Weekly_Robust,incoming_experiments/new_residual_trend_momentum_v1_2026-09-13/actual_trade_records.csv,6d789186e2a57a2fa0d8f5466d56cfb8d024f87d8c3327a5e9d89ba605ec59e9,2033,2016-01-05,2026-08-26,LEGACY_NOT_CORE_V6
2trading,new_residual_trend_momentum,XS_MOM,Short Cross-sectional Momentum,MOM126,incoming_experiments/new_residual_trend_momentum_v1_2026-09-13/actual_trade_records.csv,6d789186e2a57a2fa0d8f5466d56cfb8d024f87d8c3327a5e9d89ba605ec59e9,1255,2016-02-01,2026-08-03,LEGACY_NOT_CORE_V6
2trading,new_residual_trend_momentum,XS_MOM,Short Cross-sectional Momentum,MOM21,incoming_experiments/new_residual_trend_momentum_v1_2026-09-13/actual_trade_records.csv,6d789186e2a57a2fa0d8f5466d56cfb8d024f87d8c3327a5e9d89ba605ec59e9,1260,2016-02-01,2026-08-03,LEGACY_NOT_CORE_V6
2trading,new_residual_trend_momentum,XS_MOM,Short Cross-sectional Momentum,MOM63,incoming_experiments/new_residual_trend_momentum_v1_2026-09-13/actual_trade_records.csv,6d789186e2a57a2fa0d8f5466d56cfb8d024f87d8c3327a5e9d89ba605ec59e9,1257,2016-02-01,2026-08-03,LEGACY_NOT_CORE_V6
